Etiqueta	URL
1990	https://lotrives.substack.com/t/1990
ABC	https://lotrives.substack.com/t/abc
Abusos	https://lotrives.substack.com/t/abusos
Aceprensa	https://lotrives.substack.com/t/aceprensa
Adam Michnik	https://lotrives.substack.com/t/adam-michnik
Adicciones	https://lotrives.substack.com/t/adicciones
Ajedrez	https://lotrives.substack.com/t/ajedrez
Amor	https://lotrives.substack.com/t/amor
Andrés Ollero	https://lotrives.substack.com/t/andres-ollero
Andrzej Sypel	https://lotrives.substack.com/t/andrzej-sypel
Anschuss	https://lotrives.substack.com/t/anschluss
Audrey Hepburn	https://lotrives.substack.com/t/audrey-hepburn
Auschwitz	https://lotrives.substack.com/t/auschwitz
Austria	https://lotrives.substack.com/t/austria
Autismo	https://lotrives.substack.com/t/autismo
Belleza	https://lotrives.substack.com/t/belleza
Bertrand Russell	https://lotrives.substack.com/t/bertrand-russell
Biblia de Jerusalén	https://lotrives.substack.com/t/biblia-de-jerusalen
Bigastro	https://lotrives.substack.com/t/bigastro
Binance	https://lotrives.substack.com/t/binance
Birkbrunn	https://lotrives.substack.com/t/birkbrunn
Bitcóin	https://lotrives.substack.com/t/bitcoin
Bret Weinstein	https://lotrives.substack.com/t/bret-weinstein
Caridad	https://lotrives.substack.com/t/caridad
Cartera de valores	https://lotrives.substack.com/t/cartera-de-valores
Centro de Día «Guiones»	https://lotrives.substack.com/t/centro-de-dia-guiones
Cesta y puntos	https://lotrives.substack.com/t/cesta-y-puntos
Changpeng Zhao (CZ)	https://lotrives.substack.com/t/changpeng-zhao-cz
Christoph Tölg	https://lotrives.substack.com/t/christoph-tolg
Cielo	https://lotrives.substack.com/t/cielo
Colegio Mayor Moncloa	https://lotrives.substack.com/t/colegio-mayor-moncloa
Colegio Mayor Pío XII	https://lotrives.substack.com/t/colegio-mayor-pio-xii
Colegio Santo Domingo (Orihuela)	https://lotrives.substack.com/t/colegio-santo-domingo-orihuela
Conferencia Episcopal Española (CEE)	https://lotrives.substack.com/t/conferencia-episcopal-espanola-cee
Conversar la vida	https://lotrives.substack.com/t/conversar-la-vida
Criptomonedas	https://lotrives.substack.com/t/criptomonedas
Crisis financiera	https://lotrives.substack.com/t/crisis-financiera
Cuaderno de notas	https://lotrives.substack.com/t/cuaderno-de-notas
Cultura	https://lotrives.substack.com/t/cultura
Diálogo	https://lotrives.substack.com/t/dialogo
Dinero	https://lotrives.substack.com/t/dinero
Dios	https://lotrives.substack.com/t/dios
Dividendos	https://lotrives.substack.com/t/dividendos
Economía	https://lotrives.substack.com/t/economia
Edith Stein	https://lotrives.substack.com/t/edith-stein
Edvard Munch	https://lotrives.substack.com/t/edvard-munch
El Mercurio	https://lotrives.substack.com/t/el-mercurio
Elon Musk	https://lotrives.substack.com/t/elon-musk
Empatía	https://lotrives.substack.com/t/empatia
Empleo público	https://lotrives.substack.com/t/empleo-publico
Enrique Herrando Prat de la Riba	https://lotrives.substack.com/t/enrique-herrando-prat-de-la-riba
Erik Varden	https://lotrives.substack.com/t/erik-varden
Especulación	https://lotrives.substack.com/t/especulacion
Esteticismo	https://lotrives.substack.com/t/esteticismo
ETF	https://lotrives.substack.com/t/etf
Existencia de Dios	https://lotrives.substack.com/t/existencia-de-dios
Fe	https://lotrives.substack.com/t/fe
Filosofía	https://lotrives.substack.com/t/filosofia
Finanzas personales	https://lotrives.substack.com/t/finanzas-personales
Franciscanos de María	https://lotrives.substack.com/t/franciscanos-de-maria
Frankfurter Allgemeine Zeitung	https://lotrives.substack.com/t/frankfurter-allgemeine-zeitung
Frederick C. Copleston	https://lotrives.substack.com/t/frederick-c-copleston
Friedrich Nietzsche	https://lotrives.substack.com/t/friedrich-nietzsche
Gabriel Miró	https://lotrives.substack.com/t/gabriel-miro
Gazeta Wyborcza	https://lotrives.substack.com/t/gazeta-wyborcza
Gianfranco Ghirlanda	https://lotrives.substack.com/t/gianfranco-ghirlanda
Hans Urs von Balthasar	https://lotrives.substack.com/t/hans-urs-von-balthasar
Hohewand	https://lotrives.substack.com/t/hohewand
Humanae vitae	https://lotrives.substack.com/t/humanae-vitae
Humildad	https://lotrives.substack.com/t/humildad
Iglesia	https://lotrives.substack.com/t/iglesia
Ignacio Zuloaga	https://lotrives.substack.com/t/ignacio-zuloaga
Impuestos	https://lotrives.substack.com/t/impuestos
Inteligencia artificial	https://lotrives.substack.com/t/inteligencia-artificial
Inversión	https://lotrives.substack.com/t/inversion
Isaías	https://lotrives.substack.com/t/isaias
Jan M. Ruman	https://lotrives.substack.com/t/jan-m-ruman
Jesucristo	https://lotrives.substack.com/t/jesucristo
Jesuitas	https://lotrives.substack.com/t/jesuitas
João Pereira de Freitas	https://lotrives.substack.com/t/joao-pereira-de-freitas
Joaquín Pérez Navarro	https://lotrives.substack.com/t/joaquin-perez-navarro
Joseph Ratzinger	https://lotrives.substack.com/t/joseph-ratzinger
Juan Antonio Galán Gamero	https://lotrives.substack.com/t/juan-antonio-galan-gamero
Juan Bautista Torelló	https://lotrives.substack.com/t/juan-bautista-torello
Judicialización de la política	https://lotrives.substack.com/t/judicializacion-de-la-politica
La montaña mágica	https://lotrives.substack.com/t/la-montana-magica
Lecturas	https://lotrives.substack.com/t/lecturas
Léon Bloy	https://lotrives.substack.com/t/leon-bloy
León XIV	https://lotrives.substack.com/t/leon-xiv
Leontxo García	https://lotrives.substack.com/t/leontxo-garcia
Libros	https://lotrives.substack.com/t/libros
Lorenzo de la Resurrección	https://lotrives.substack.com/t/lorenzo-de-la-resurreccion
Los Rosales	https://lotrives.substack.com/t/los-rosales
Ludwig von Mises	https://lotrives.substack.com/t/ludwig-von-mises
Luis María Calleja	https://lotrives.substack.com/t/luis-maria-calleja
Madrid	https://lotrives.substack.com/t/madrid
Marcel Reich-Ranicki	https://lotrives.substack.com/t/marcel-reich-ranicki
Marinus Claeszoon van Reymerswaele	https://lotrives.substack.com/t/marinus-claeszoon-van-reymerswaele
Martín Bilz	https://lotrives.substack.com/t/martin-bilz
Martina Draft	https://lotrives.substack.com/t/martina-draft
Matrimonio	https://lotrives.substack.com/t/matrimonio
Médicos internos residentes (MIR)	https://lotrives.substack.com/t/medicos-internos-residentes-mir
Memoria	https://lotrives.substack.com/t/memoria
Memorias	https://lotrives.substack.com/t/memorias
Miguel Ángel Garrido Gallardo	https://lotrives.substack.com/t/miguel-angel-garrido-gallardo
Mokotowska	https://lotrives.substack.com/t/mokotowska
Muerte	https://lotrives.substack.com/t/muerte
Murray N. Rothbard	https://lotrives.substack.com/t/murray-n-rothbard
Navidad	https://lotrives.substack.com/t/navidad
Opus Dei	https://lotrives.substack.com/t/opus-dei
Orihuela	https://lotrives.substack.com/t/orihuela
Oro	https://lotrives.substack.com/t/oro
PAP	https://lotrives.substack.com/t/pap
Pedro Sainz Rodríguez	https://lotrives.substack.com/t/pedro-sainz-rodriguez
Perspectivas	https://lotrives.substack.com/t/perspectivas
Peter Thiel	https://lotrives.substack.com/t/peter-thiel
Polonia	https://lotrives.substack.com/t/polonia
Prensa polaca	https://lotrives.substack.com/t/prensa-polaca
Pszczyna	https://lotrives.substack.com/t/pszczyna
Rafael Alvira	https://lotrives.substack.com/t/rafael-alvira
Ramón Herrando Prat de la Riba	https://lotrives.substack.com/t/ramon-herrando-prat-de-la-riba
René Girard	https://lotrives.substack.com/t/rene-girard
Ricardo Estarriol	https://lotrives.substack.com/t/ricardo-estarriol
Robert Barron	https://lotrives.substack.com/t/robert-barron
Rusia	https://lotrives.substack.com/t/rusia
Salmos	https://lotrives.substack.com/t/salmos
San Ambrosio	https://lotrives.substack.com/t/san-ambrosio
San Buenaventura	https://lotrives.substack.com/t/san-buenaventura
San Ignacio de Loyola	https://lotrives.substack.com/t/san-ignacio-de-loyola
San Josemaría Escrivá de Balaguer	https://lotrives.substack.com/t/san-josemaria-escriva-de-balaguer
San Juan de la Cruz	https://lotrives.substack.com/t/san-juan-de-la-cruz
San Pablo	https://lotrives.substack.com/t/san-pablo
Sanidad	https://lotrives.substack.com/t/sanidad
Santa Teresa de Ávila	https://lotrives.substack.com/t/santa-teresa-de-avila
Santiago Martín	https://lotrives.substack.com/t/santiago-martin
Sexo	https://lotrives.substack.com/t/sexo
Sexualidad	https://lotrives.substack.com/t/sexualidad
Sociedad	https://lotrives.substack.com/t/sociedad
Stefan Moszoro-Dabrowski	https://lotrives.substack.com/t/stefan-moszoro-dabrowski
Stella Matutina	https://lotrives.substack.com/t/stella-matutina
Teología	https://lotrives.substack.com/t/teologia
Teresa de Calcuta	https://lotrives.substack.com/t/teresa-de-calcuta
Thomas Bernhard	https://lotrives.substack.com/t/thomas-bernhard
Thomas Mann	https://lotrives.substack.com/t/thomas-mann
Tomás de Aquino	https://lotrives.substack.com/t/tomas-de-aquino
Trabajo	https://lotrives.substack.com/t/trabajo
URSS	https://lotrives.substack.com/t/urss
Varsovia	https://lotrives.substack.com/t/varsovia
Viktor Meier	https://lotrives.substack.com/t/viktor-meier
Vocación	https://lotrives.substack.com/t/vocacion
Volker Looman	https://lotrives.substack.com/t/volker-looman
Voluntad popular soberana	https://lotrives.substack.com/t/voluntad-popular-soberana
Max Weber	https://lotrives.substack.com/t/max-weber
Predestinación	https://lotrives.substack.com/t/predestinacion
Judas Iscariote	https://lotrives.substack.com/t/judas-iscariote
Benedicto XVI	https://lotrives.substack.com/t/joseph-ratzinger
Catecismo de la Iglesia Católica	https://lotrives.substack.com/t/catecismo-de-la-iglesia-catolica
